id;matricule;company;date_arr;date_dep
1;Corporate Mandatory;mission-critical FTP;2020-12-23T12:27:00;2020-12-23T01:40:37
2;convergence mesh;parse cross-platform Greens;2020-12-23T13:18:36;2020-12-22T22:49:39
3;Investment Account optical;haptic online;2020-12-22T22:31:43;2020-12-22T22:03:01
4;Manor;Infrastructure Intranet;2020-12-22T22:45:10;2020-12-23T13:16:46
5;architectures Dalasi;override Squares;2020-12-22T19:45:15;2020-12-22T20:54:11
6;Nevada Toys Planner;protocol;2020-12-23T00:22:11;2020-12-23T13:27:12
7;vortals Unbranded Fantastic Granite Bike;Director;2020-12-23T05:25:38;2020-12-23T11:04:19
8;drive copy;Facilitator SSL;2020-12-23T04:44:09;2020-12-22T23:45:09
9;Compatible;mobile;2020-12-22T19:32:16;2020-12-23T07:04:36
10;Reverse-engineered;web-enabled;2020-12-23T10:06:25;2020-12-23T09:48:16
